10001	WARN	(Anti-CSRF Tokens Check)
10015	WARN	(Incomplete or No Cache-control Header Set on a Sensitive Page)
10017	WARN	(Cross-Domain JavaScript Source File Inclusion)
10020	WARN	(X-Frame-Options Header)
10021	WARN	(X-Content-Type-Options Header Missing)
10036	WARN	(Server Leaks Version Information via "Server" HTTP Response Header Field)
10038	WARN	(Content Security Policy (CSP) Header Not Set)
10049	WARN	(Storable and Cacheable Content)
10055	WARN	(CSP: Wildcard Directive)
10096	WARN	(Timestamp Disclosure - Unix)
10098	WARN	(Cross-Domain Misconfiguration)
10109	WARN	(Modern Web Application)
10202	IGNORE	(Absence of Anti-CSRF Tokens - handled by our custom CSRF guard)
90033	WARN	(Loosely Scoped Cookie)
